{"cameraMode":{"drawMode":0,"name":"Shaded","section":"Shading Mode"},"sceneLighting":false,"audioPlay":false,"sceneViewState":{"showFog":true,"showMaterialUpdate":false,"showSkybox":true,"showFlares":true,"showImageEffects":true,"showParticleSystems":true},"in2DMode":false,"pivot":{"x":-2.113744020462036,"y":-0.5494362115859985,"z":-0.06860369443893433},"rotation":{"x":-0.09013679623603821,"y":0.2944834232330322,"z":-0.02791181020438671,"w":-0.950987696647644},"size":0.3304787278175354,"orthographic":false}