{"cameraMode":{"drawMode":0,"name":"Shaded","section":"Shading Mode"},"sceneLighting":false,"audioPlay":false,"sceneViewState":{"showFog":true,"showMaterialUpdate":false,"showSkybox":true,"showFlares":true,"showImageEffects":true,"showParticleSystems":true},"in2DMode":false,"pivot":{"x":0.16800403594970704,"y":2.313603401184082,"z":-4.76837158203125e-7},"rotation":{"x":-0.0034085907973349096,"y":0.9896243214607239,"z":-0.1419842690229416,"w":-0.02406316250562668},"size":32.46556091308594,"orthographic":false}