{"cameraMode":{"drawMode":0,"name":"Shaded","section":"Shading Mode"},"sceneLighting":false,"audioPlay":false,"sceneViewState":{"showFog":true,"showMaterialUpdate":false,"showSkybox":true,"showFlares":true,"showImageEffects":true,"showParticleSystems":true},"in2DMode":false,"pivot":{"x":-0.0025025028735399248,"y":3.725290298461914e-9,"z":-3.725290298461914e-9},"rotation":{"x":-0.06468420475721359,"y":-0.7101914882659912,"z":0.06579653173685074,"w":-0.6979469060897827},"size":0.18244147300720216,"orthographic":false}