{"cameraMode":{"drawMode":0,"name":"Shaded","section":"Shading Mode"},"sceneLighting":false,"audioPlay":false,"sceneViewState":{"showFog":true,"showMaterialUpdate":false,"showSkybox":true,"showFlares":true,"showImageEffects":true,"showParticleSystems":true},"in2DMode":false,"pivot":{"x":1.0594403743743897,"y":8.828835487365723,"z":-1.3133902549743653},"rotation":{"x":-0.20343343913555146,"y":0.1392832249403,"z":-0.02925032749772072,"w":-0.9686918258666992},"size":7.856873512268066,"orthographic":false}