{"cameraMode":{"drawMode":0,"name":"Shaded","section":"Shading Mode"},"sceneLighting":false,"audioPlay":false,"sceneViewState":{"showFog":true,"showMaterialUpdate":false,"showSkybox":true,"showFlares":true,"showImageEffects":true,"showParticleSystems":true},"in2DMode":false,"pivot":{"x":0.045740336179733279,"y":0.5380024909973145,"z":0.06739591062068939},"rotation":{"x":0.0011503526475280524,"y":-0.9923351407051086,"z":0.12327909469604492,"w":0.009238681755959988},"size":3.1276214122772219,"orthographic":false}