{"cameraMode":{"drawMode":0,"name":"Shaded","section":"Shading Mode"},"sceneLighting":true,"audioPlay":false,"sceneViewState":{"showFog":true,"showMaterialUpdate":false,"showSkybox":true,"showFlares":true,"showImageEffects":true,"showParticleSystems":true},"in2DMode":false,"pivot":{"x":0.0,"y":0.13999998569488526,"z":1.0364999771118165},"rotation":{"x":0.07121029496192932,"y":-0.7626628279685974,"z":0.08523958176374436,"w":0.6371966004371643},"size":4.6543707847595219,"orthographic":false}