{"cameraMode":{"drawMode":0,"name":"Shaded","section":"Shading Mode"},"sceneLighting":false,"audioPlay":false,"sceneViewState":{"showFog":true,"showMaterialUpdate":false,"showSkybox":true,"showFlares":true,"showImageEffects":true,"showParticleSystems":true},"in2DMode":false,"pivot":{"x":1.3150428533554078,"y":8.436534881591797,"z":-1.7538390159606934},"rotation":{"x":-0.00011203213216504082,"y":0.9998871088027954,"z":-0.011999507434666157,"w":-0.009304980747401715},"size":66.03823852539063,"orthographic":false}