{"cameraMode":{"drawMode":0,"name":"Shaded","section":"Shading Mode"},"sceneLighting":true,"audioPlay":false,"sceneViewState":{"showFog":true,"showMaterialUpdate":false,"showSkybox":true,"showFlares":true,"showImageEffects":true,"showParticleSystems":true},"in2DMode":false,"pivot":{"x":0.0,"y":0.13999998569488526,"z":0.8450000286102295},"rotation":{"x":0.11657632887363434,"y":-0.8828377723693848,"z":0.30417269468307497,"w":0.33837488293647768},"size":4.8324995040893559,"orthographic":false}