{"cameraMode":{"drawMode":0,"name":"Shaded","section":"Shading Mode"},"sceneLighting":false,"audioPlay":false,"sceneViewState":{"showFog":true,"showMaterialUpdate":false,"showSkybox":true,"showFlares":true,"showImageEffects":true,"showParticleSystems":true},"in2DMode":false,"pivot":{"x":0.0,"y":1.1148320436477662,"z":-1.1920928955078126e-7},"rotation":{"x":-0.0034085907973349096,"y":0.9896243214607239,"z":-0.1419842690229416,"w":-0.02406316250562668},"size":8.116390228271485,"orthographic":false}