{"cameraMode":{"drawMode":0,"name":"Shaded","section":"Shading Mode"},"sceneLighting":false,"audioPlay":false,"sceneViewState":{"showFog":true,"showMaterialUpdate":false,"showSkybox":true,"showFlares":true,"showImageEffects":true,"showParticleSystems":true},"in2DMode":false,"pivot":{"x":-1.8922114372253419,"y":-0.9618695974349976,"z":-3.9019594192504885},"rotation":{"x":-0.021443502977490426,"y":0.9773140549659729,"z":-0.1223175898194313,"w":-0.1717837154865265},"size":46.37102508544922,"orthographic":false}