{"cameraMode":{"drawMode":0,"name":"Shaded","section":"Shading Mode"},"sceneLighting":false,"audioPlay":false,"sceneViewState":{"showFog":true,"showMaterialUpdate":false,"showSkybox":true,"showFlares":true,"showImageEffects":true,"showParticleSystems":true},"in2DMode":false,"pivot":{"x":0.0009610652923583984,"y":0.8000737428665161,"z":0.026417970657348634},"rotation":{"x":0.053368836641311648,"y":-0.8373315930366516,"z":0.08319619297981262,"w":0.5377702713012695},"size":2.728681802749634,"orthographic":false}