{"cameraMode":{"drawMode":0,"name":"Shaded","section":"Shading Mode"},"sceneLighting":false,"audioPlay":false,"sceneViewState":{"showFog":true,"showMaterialUpdate":false,"showSkybox":true,"showFlares":true,"showImageEffects":true,"showParticleSystems":true},"in2DMode":false,"pivot":{"x":0.045740336179733279,"y":0.5380024909973145,"z":0.06739591062068939},"rotation":{"x":0.0017235757550224662,"y":-0.9929216504096985,"z":0.11791123449802399,"w":0.014593777246773243},"size":2.129072904586792,"orthographic":false}