{"cameraMode":{"drawMode":0,"name":"Shaded","section":"Shading Mode"},"sceneLighting":false,"audioPlay":false,"sceneViewState":{"showFog":true,"showMaterialUpdate":false,"showSkybox":true,"showFlares":true,"showImageEffects":true,"showParticleSystems":true},"in2DMode":false,"pivot":{"x":-0.21804016828536988,"y":0.17498642206192017,"z":0.0057030413299798969},"rotation":{"x":0.021593116223812105,"y":-0.972809910774231,"z":0.20734696090221406,"w":0.1013127937912941},"size":1.9421818256378174,"orthographic":false}