{"cameraMode":{"drawMode":0,"name":"Shaded","section":"Shading Mode"},"sceneLighting":false,"audioPlay":false,"sceneViewState":{"showFog":true,"showMaterialUpdate":false,"showSkybox":true,"showFlares":true,"showImageEffects":true,"showParticleSystems":true},"in2DMode":false,"pivot":{"x":0.045740336179733279,"y":0.5380024909973145,"z":0.06739591062068939},"rotation":{"x":-0.006543755065649748,"y":0.9934031367301941,"z":-0.08694211393594742,"w":-0.07466201484203339},"size":2.0116758346557619,"orthographic":false}