{"cameraMode":{"drawMode":0,"name":"Shaded","section":"Shading Mode"},"sceneLighting":false,"audioPlay":false,"sceneViewState":{"showFog":true,"showMaterialUpdate":false,"showSkybox":true,"showFlares":true,"showImageEffects":true,"showParticleSystems":true},"in2DMode":false,"pivot":{"x":7.893462181091309,"y":0.4068145751953125,"z":-4.7822675704956059},"rotation":{"x":0.11553023010492325,"y":-0.3523571193218231,"z":0.04388207942247391,"w":0.9276711344718933},"size":0.9126495718955994,"orthographic":false}