{"cameraMode":{"drawMode":0,"name":"Shaded","section":"Shading Mode"},"sceneLighting":false,"audioPlay":false,"sceneViewState":{"showFog":true,"showMaterialUpdate":false,"showSkybox":true,"showFlares":true,"showImageEffects":true,"showParticleSystems":true},"in2DMode":false,"pivot":{"x":0.058031708002090457,"y":0.07580000162124634,"z":-0.010714873671531678},"rotation":{"x":-0.11485524475574494,"y":-0.37723198533058169,"z":-0.04720822349190712,"w":0.917755663394928},"size":0.5808645486831665,"orthographic":true}